delete from ddal_test_0.course;
delete from ddal_test_1.course;
delete from ddal_test_2.course;
delete from ddal_test_3.course;

insert into ddal_test_0.course values (112601,'J2SE',2012112601);
insert into ddal_test_0.course values (112602,'Java Web',2012112602);
insert into ddal_test_0.course values (112605,'SSH',2012112603);
insert into ddal_test_0.course values (112604,'Oracle',2012112604);
insert into ddal_test_0.course values (112606,'SQL SERVER 2005',2012112605);
insert into ddal_test_0.course values (112607,'C#',2012112606);
insert into ddal_test_0.course values (112608,'JavaScript',2012112607);
insert into ddal_test_0.course values (112609,'DIV+CSS',2012112608);
insert into ddal_test_0.course values (112610,'PHP',2012112609);
insert into ddal_test_0.course values (112611,'C语言',2012112610);
insert into ddal_test_0.course values (112612,'ActionScript',2012112607);
insert into ddal_test_0.course values (112613,'Scala',2012112608);
insert into ddal_test_0.course values (112614,'Spring',2012112609);
insert into ddal_test_0.course values (112615,'Hbase',2012112610);
insert into ddal_test_0.course values (112616,'MATALAB',2012112607);
insert into ddal_test_0.course values (112617,'ASP.NET',2012112608);
insert into ddal_test_0.course values (112618,'Spark',2012112609);
insert into ddal_test_0.course values (112619,'Algorithms',2012112610);
insert into ddal_test_0.course values (112620,'Data Structure',2012112610);
insert into ddal_test_1.course values (112601,'J2SE',2012112601);
insert into ddal_test_1.course values (112602,'Java Web',2012112602);
insert into ddal_test_1.course values (112605,'SSH',2012112603);
insert into ddal_test_1.course values (112604,'Oracle',2012112604);
insert into ddal_test_1.course values (112606,'SQL SERVER 2005',2012112605);
insert into ddal_test_1.course values (112607,'C#',2012112606);
insert into ddal_test_1.course values (112608,'JavaScript',2012112607);
insert into ddal_test_1.course values (112609,'DIV+CSS',2012112608);
insert into ddal_test_1.course values (112610,'PHP',2012112609);
insert into ddal_test_1.course values (112611,'C语言',2012112610);
insert into ddal_test_1.course values (112612,'ActionScript',2012112607);
insert into ddal_test_1.course values (112613,'Scala',2012112608);
insert into ddal_test_1.course values (112614,'Spring',2012112609);
insert into ddal_test_1.course values (112615,'Hbase',2012112610);
insert into ddal_test_1.course values (112616,'MATALAB',2012112607);
insert into ddal_test_1.course values (112617,'ASP.NET',2012112608);
insert into ddal_test_1.course values (112618,'Spark',2012112609);
insert into ddal_test_1.course values (112619,'Algorithms',2012112610);
insert into ddal_test_1.course values (112620,'Data Structure',2012112610);
insert into ddal_test_2.course values (112601,'J2SE',2012112601);
insert into ddal_test_2.course values (112602,'Java Web',2012112602);
insert into ddal_test_2.course values (112605,'SSH',2012112603);
insert into ddal_test_2.course values (112604,'Oracle',2012112604);
insert into ddal_test_2.course values (112606,'SQL SERVER 2005',2012112605);
insert into ddal_test_2.course values (112607,'C#',2012112606);
insert into ddal_test_2.course values (112608,'JavaScript',2012112607);
insert into ddal_test_2.course values (112609,'DIV+CSS',2012112608);
insert into ddal_test_2.course values (112610,'PHP',2012112609);
insert into ddal_test_2.course values (112611,'C语言',2012112610);
insert into ddal_test_2.course values (112612,'ActionScript',2012112607);
insert into ddal_test_2.course values (112613,'Scala',2012112608);
insert into ddal_test_2.course values (112614,'Spring',2012112609);
insert into ddal_test_2.course values (112615,'Hbase',2012112610);
insert into ddal_test_2.course values (112616,'MATALAB',2012112607);
insert into ddal_test_2.course values (112617,'ASP.NET',2012112608);
insert into ddal_test_2.course values (112618,'Spark',2012112609);
insert into ddal_test_2.course values (112619,'Algorithms',2012112610);
insert into ddal_test_2.course values (112620,'Data Structure',2012112610);
insert into ddal_test_3.course values (112601,'J2SE',2012112601);
insert into ddal_test_3.course values (112602,'Java Web',2012112602);
insert into ddal_test_3.course values (112605,'SSH',2012112603);
insert into ddal_test_3.course values (112604,'Oracle',2012112604);
insert into ddal_test_3.course values (112606,'SQL SERVER 2005',2012112605);
insert into ddal_test_3.course values (112607,'C#',2012112606);
insert into ddal_test_3.course values (112608,'JavaScript',2012112607);
insert into ddal_test_3.course values (112609,'DIV+CSS',2012112608);
insert into ddal_test_3.course values (112610,'PHP',2012112609);
insert into ddal_test_3.course values (112611,'C语言',2012112610);
insert into ddal_test_3.course values (112612,'ActionScript',2012112607);
insert into ddal_test_3.course values (112613,'Scala',2012112608);
insert into ddal_test_3.course values (112614,'Spring',2012112609);
insert into ddal_test_3.course values (112615,'Hbase',2012112610);
insert into ddal_test_3.course values (112616,'MATALAB',2012112607);
insert into ddal_test_3.course values (112617,'ASP.NET',2012112608);
insert into ddal_test_3.course values (112618,'Spark',2012112609);
insert into ddal_test_3.course values (112619,'Algorithms',2012112610);
insert into ddal_test_3.course values (112620,'Data Structure',2012112610);


delete from ddal_test_0._scores_cno;
delete from ddal_test_1._scores_cno;
delete from ddal_test_2._scores_cno;
delete from ddal_test_3._scores_cno;
insert into ddal_test_2._scores_cno(scorceno,sno,cno,term,grade) values(100,200901020101,112618,'2011-2012第二学期','98');
insert into ddal_test_1._scores_cno(scorceno,sno,cno,term,grade) values(110,200901020102,112605,'2012-2013第一学期','85');
insert into ddal_test_3._scores_cno(scorceno,sno,cno,term,grade) values(104,200901020101,112603,'2010-2011第一学期','89');
insert into ddal_test_0._scores_cno(scorceno,sno,cno,term,grade) values(109,200901020101,112608,'2012-2013第一学期','96');

delete from ddal_test_0.scores;
delete from ddal_test_1.scores;
delete from ddal_test_2.scores;
delete from ddal_test_3.scores;
insert into ddal_test_1.scores(scorceno,sno,cno,term,grade) values(100,200901020101,112618,'2011-2012第二学期','98');
insert into ddal_test_1.scores(scorceno,sno,cno,term,grade) values(101,200901020101,112605,'2011-2012第二学期','92');
insert into ddal_test_1.scores(scorceno,sno,cno,term,grade) values(102,200901020101,112601,'2012-2013第一学期','82');
insert into ddal_test_1.scores(scorceno,sno,cno,term,grade) values(103,200901020101,112602,'2011-2012第二学期','68');
insert into ddal_test_1.scores(scorceno,sno,cno,term,grade) values(104,200901020101,112603,'2010-2011第一学期','89');
insert into ddal_test_1.scores(scorceno,sno,cno,term,grade) values(105,200901020101,112604,'2010-2011第一学期','95');
insert into ddal_test_1.scores(scorceno,sno,cno,term,grade) values(106,200901020101,112615,'2011-2012第二学期','75');
insert into ddal_test_1.scores(scorceno,sno,cno,term,grade) values(107,200901020101,112606,'2012-2013第一学期','80');
insert into ddal_test_1.scores(scorceno,sno,cno,term,grade) values(108,200901020101,112607,'2012-2013第一学期','77');
insert into ddal_test_1.scores(scorceno,sno,cno,term,grade) values(109,200901020101,112608,'2012-2013第一学期','96');
insert into ddal_test_2.scores(scorceno,sno,cno,term,grade) values(110,200901020102,112605,'2012-2013第一学期','85');
insert into ddal_test_2.scores(scorceno,sno,cno,term,grade) values(111,200901020102,112608,'2012-2013第一学期','88');
insert into ddal_test_2.scores(scorceno,sno,cno,term,grade) values(112,200901020102,112610,'2012-2013第一学期','94');
insert into ddal_test_2.scores(scorceno,sno,cno,term,grade) values(113,200901020102,112612,'2011-2012第二学期','87');
insert into ddal_test_2.scores(scorceno,sno,cno,term,grade) values(114,200901020102,112611,'2011-2012第二学期','87');
insert into ddal_test_2.scores(scorceno,sno,cno,term,grade) values(115,200901020102,112620,'2011-2012第二学期','64');
insert into ddal_test_2.scores(scorceno,sno,cno,term,grade) values(116,200901020102,112618,'2011-2012第二学期','87');
insert into ddal_test_2.scores(scorceno,sno,cno,term,grade) values(117,200901020102,112614,'2011-2012第二学期','78');
insert into ddal_test_2.scores(scorceno,sno,cno,term,grade) values(119,200901020102,112613,'2011-2012第二学期','59');
insert into ddal_test_2.scores(scorceno,sno,cno,term,grade) values(120,200901020102,112617,'2011-2012第二学期','80');
insert into ddal_test_2.scores(scorceno,sno,cno,term,grade) values(121,200901020102,112601,'2011-2012第二学期','87');
insert into ddal_test_2.scores(scorceno,sno,cno,term,grade) values(122,200901020102,112615,'2011-2012第二学期','81');
insert into ddal_test_2.scores(scorceno,sno,cno,term,grade) values(123,200901020102,112606,'2011-2012第二学期','82');
insert into ddal_test_3.scores(scorceno,sno,cno,term,grade) values(124,200901020103,112602,'2011-2012第二学期','97');
insert into ddal_test_3.scores(scorceno,sno,cno,term,grade) values(125,200901020103,112601,'2011-2012第二学期','92');
insert into ddal_test_3.scores(scorceno,sno,cno,term,grade) values(126,200901020103,112604,'2011-2012第二学期','81');
insert into ddal_test_3.scores(scorceno,sno,cno,term,grade) values(127,200901020103,112603,'2011-2012第二学期','77');
insert into ddal_test_3.scores(scorceno,sno,cno,term,grade) values(128,200901020103,112607,'2011-2012第二学期','57');
insert into ddal_test_3.scores(scorceno,sno,cno,term,grade) values(129,200901020103,112610,'2011-2012第二学期','79');
insert into ddal_test_3.scores(scorceno,sno,cno,term,grade) values(130,200901020103,112605,'2011-2012第二学期','89');
insert into ddal_test_0.scores(scorceno,sno,cno,term,grade) values(131,200901020104,112605,'2012-2013第一学期','85');
insert into ddal_test_0.scores(scorceno,sno,cno,term,grade) values(132,200901020104,112608,'2012-2013第一学期','88');
insert into ddal_test_0.scores(scorceno,sno,cno,term,grade) values(133,200901020104,112610,'2012-2013第一学期','94');
insert into ddal_test_0.scores(scorceno,sno,cno,term,grade) values(134,200901020104,112612,'2011-2012第二学期','87');
insert into ddal_test_0.scores(scorceno,sno,cno,term,grade) values(135,200901020104,112611,'2011-2012第二学期','87');
insert into ddal_test_0.scores(scorceno,sno,cno,term,grade) values(136,200901020104,112620,'2011-2012第二学期','64');
insert into ddal_test_0.scores(scorceno,sno,cno,term,grade) values(137,200901020104,112618,'2011-2012第二学期','87');
insert into ddal_test_0.scores(scorceno,sno,cno,term,grade) values(138,200901020104,112614,'2011-2012第二学期','78');
insert into ddal_test_0.scores(scorceno,sno,cno,term,grade) values(139,200901020104,112613,'2011-2012第二学期','59');
insert into ddal_test_0.scores(scorceno,sno,cno,term,grade) values(140,200901020104,112617,'2011-2012第二学期','80');
insert into ddal_test_0.scores(scorceno,sno,cno,term,grade) values(141,200901020104,112601,'2011-2012第二学期','87');
insert into ddal_test_0.scores(scorceno,sno,cno,term,grade) values(142,200901020104,112615,'2011-2012第二学期','81');
insert into ddal_test_0.scores(scorceno,sno,cno,term,grade) values(143,200901020104,112606,'2011-2012第二学期','82');
insert into ddal_test_1.scores(scorceno,sno,cno,term,grade) values(144,200901020105,112605,'2012-2013第一学期','85');
insert into ddal_test_1.scores(scorceno,sno,cno,term,grade) values(145,200901020105,112608,'2012-2013第一学期','88');
insert into ddal_test_1.scores(scorceno,sno,cno,term,grade) values(146,200901020105,112610,'2012-2013第一学期','94');
insert into ddal_test_1.scores(scorceno,sno,cno,term,grade) values(147,200901020105,112612,'2011-2012第二学期','87');
insert into ddal_test_1.scores(scorceno,sno,cno,term,grade) values(148,200901020105,112611,'2011-2012第二学期','87');
insert into ddal_test_1.scores(scorceno,sno,cno,term,grade) values(149,200901020105,112620,'2011-2012第二学期','64');
insert into ddal_test_1.scores(scorceno,sno,cno,term,grade) values(150,200901020105,112618,'2011-2012第二学期','87');
insert into ddal_test_1.scores(scorceno,sno,cno,term,grade) values(151,200901020105,112614,'2011-2012第二学期','78');
insert into ddal_test_1.scores(scorceno,sno,cno,term,grade) values(152,200901020105,112613,'2011-2012第二学期','59');
insert into ddal_test_1.scores(scorceno,sno,cno,term,grade) values(153,200901020105,112617,'2011-2012第二学期','80');
insert into ddal_test_1.scores(scorceno,sno,cno,term,grade) values(154,200901020105,112601,'2011-2012第二学期','87');
insert into ddal_test_1.scores(scorceno,sno,cno,term,grade) values(155,200901020105,112615,'2011-2012第二学期','81');
insert into ddal_test_1.scores(scorceno,sno,cno,term,grade) values(156,200901020105,112606,'2011-2012第二学期','82');
insert into ddal_test_2.scores(scorceno,sno,cno,term,grade) values(157,200901020106,112605,'2012-2013第一学期','85');
insert into ddal_test_2.scores(scorceno,sno,cno,term,grade) values(158,200901020106,112608,'2012-2013第一学期','88');
insert into ddal_test_2.scores(scorceno,sno,cno,term,grade) values(159,200901020106,112610,'2012-2013第一学期','94');
insert into ddal_test_2.scores(scorceno,sno,cno,term,grade) values(160,200901020106,112612,'2011-2012第二学期','87');
insert into ddal_test_2.scores(scorceno,sno,cno,term,grade) values(161,200901020106,112611,'2011-2012第二学期','87');
insert into ddal_test_2.scores(scorceno,sno,cno,term,grade) values(162,200901020106,112620,'2011-2012第二学期','64');
insert into ddal_test_2.scores(scorceno,sno,cno,term,grade) values(163,200901020106,112618,'2011-2012第二学期','87');
insert into ddal_test_2.scores(scorceno,sno,cno,term,grade) values(164,200901020106,112614,'2011-2012第二学期','78');
insert into ddal_test_2.scores(scorceno,sno,cno,term,grade) values(165,200901020106,112613,'2011-2012第二学期','59');
insert into ddal_test_2.scores(scorceno,sno,cno,term,grade) values(166,200901020106,112617,'2011-2012第二学期','80');
insert into ddal_test_2.scores(scorceno,sno,cno,term,grade) values(167,200901020106,112601,'2011-2012第二学期','87');
insert into ddal_test_2.scores(scorceno,sno,cno,term,grade) values(168,200901020106,112615,'2011-2012第二学期','81');
insert into ddal_test_2.scores(scorceno,sno,cno,term,grade) values(169,200901020106,112606,'2011-2012第二学期','82');
insert into ddal_test_3.scores(scorceno,sno,cno,term,grade) values(170,200901020107,112605,'2012-2013第一学期','85');
insert into ddal_test_3.scores(scorceno,sno,cno,term,grade) values(171,200901020107,112608,'2012-2013第一学期','88');
insert into ddal_test_3.scores(scorceno,sno,cno,term,grade) values(172,200901020107,112610,'2012-2013第一学期','94');
insert into ddal_test_3.scores(scorceno,sno,cno,term,grade) values(173,200901020107,112612,'2011-2012第二学期','87');
insert into ddal_test_3.scores(scorceno,sno,cno,term,grade) values(174,200901020107,112611,'2011-2012第二学期','87');
insert into ddal_test_3.scores(scorceno,sno,cno,term,grade) values(175,200901020107,112620,'2011-2012第二学期','64');
insert into ddal_test_3.scores(scorceno,sno,cno,term,grade) values(176,200901020107,112618,'2011-2012第二学期','87');
insert into ddal_test_3.scores(scorceno,sno,cno,term,grade) values(177,200901020107,112614,'2011-2012第二学期','78');
insert into ddal_test_3.scores(scorceno,sno,cno,term,grade) values(178,200901020107,112613,'2011-2012第二学期','59');
insert into ddal_test_3.scores(scorceno,sno,cno,term,grade) values(179,200901020107,112617,'2011-2012第二学期','80');
insert into ddal_test_3.scores(scorceno,sno,cno,term,grade) values(180,200901020107,112601,'2011-2012第二学期','87');
insert into ddal_test_3.scores(scorceno,sno,cno,term,grade) values(181,200901020107,112615,'2011-2012第二学期','81');
insert into ddal_test_3.scores(scorceno,sno,cno,term,grade) values(182,200901020107,112606,'2011-2012第二学期','82');
insert into ddal_test_0.scores(scorceno,sno,cno,term,grade) values(183,200901020108,112605,'2012-2013第一学期','85');
insert into ddal_test_0.scores(scorceno,sno,cno,term,grade) values(184,200901020108,112608,'2012-2013第一学期','88');
insert into ddal_test_0.scores(scorceno,sno,cno,term,grade) values(185,200901020108,112610,'2012-2013第一学期','94');
insert into ddal_test_0.scores(scorceno,sno,cno,term,grade) values(186,200901020108,112612,'2011-2012第二学期','87');
insert into ddal_test_0.scores(scorceno,sno,cno,term,grade) values(187,200901020108,112611,'2011-2012第二学期','87');
insert into ddal_test_0.scores(scorceno,sno,cno,term,grade) values(188,200901020108,112620,'2011-2012第二学期','64');
insert into ddal_test_0.scores(scorceno,sno,cno,term,grade) values(189,200901020108,112618,'2011-2012第二学期','87');
insert into ddal_test_0.scores(scorceno,sno,cno,term,grade) values(190,200901020108,112614,'2011-2012第二学期','78');
insert into ddal_test_0.scores(scorceno,sno,cno,term,grade) values(191,200901020108,112613,'2011-2012第二学期','59');
insert into ddal_test_0.scores(scorceno,sno,cno,term,grade) values(192,200901020108,112617,'2011-2012第二学期','80');
insert into ddal_test_0.scores(scorceno,sno,cno,term,grade) values(193,200901020108,112601,'2011-2012第二学期','87');
insert into ddal_test_0.scores(scorceno,sno,cno,term,grade) values(194,200901020108,112615,'2011-2012第二学期','81');
insert into ddal_test_0.scores(scorceno,sno,cno,term,grade) values(195,200901020108,112606,'2011-2012第二学期','82');
insert into ddal_test_1.scores(scorceno,sno,cno,term,grade) values(197,200901020109,112605,'2012-2013第一学期','85');
insert into ddal_test_1.scores(scorceno,sno,cno,term,grade) values(198,200901020109,112608,'2012-2013第一学期','88');
insert into ddal_test_1.scores(scorceno,sno,cno,term,grade) values(199,200901020109,112610,'2012-2013第一学期','94');
insert into ddal_test_1.scores(scorceno,sno,cno,term,grade) values(200,200901020109,112612,'2011-2012第二学期','87');
insert into ddal_test_1.scores(scorceno,sno,cno,term,grade) values(211,200901020109,112611,'2011-2012第二学期','87');
insert into ddal_test_1.scores(scorceno,sno,cno,term,grade) values(212,200901020109,112620,'2011-2012第二学期','64');
insert into ddal_test_1.scores(scorceno,sno,cno,term,grade) values(213,200901020109,112618,'2011-2012第二学期','87');
insert into ddal_test_1.scores(scorceno,sno,cno,term,grade) values(214,200901020109,112614,'2011-2012第二学期','78');
insert into ddal_test_1.scores(scorceno,sno,cno,term,grade) values(215,200901020109,112613,'2011-2012第二学期','59');
insert into ddal_test_1.scores(scorceno,sno,cno,term,grade) values(216,200901020109,112617,'2011-2012第二学期','80');
insert into ddal_test_1.scores(scorceno,sno,cno,term,grade) values(217,200901020109,112601,'2011-2012第二学期','87');
insert into ddal_test_1.scores(scorceno,sno,cno,term,grade) values(218,200901020109,112615,'2011-2012第二学期','81');
insert into ddal_test_1.scores(scorceno,sno,cno,term,grade) values(219,200901020109,112606,'2011-2012第二学期','82');
insert into ddal_test_2.scores(scorceno,sno,cno,term,grade) values(220,200901020110,112605,'2012-2013第一学期','85');
insert into ddal_test_2.scores(scorceno,sno,cno,term,grade) values(221,200901020110,112608,'2012-2013第一学期','88');
insert into ddal_test_2.scores(scorceno,sno,cno,term,grade) values(222,200901020110,112610,'2012-2013第一学期','94');
insert into ddal_test_2.scores(scorceno,sno,cno,term,grade) values(223,200901020110,112612,'2011-2012第二学期','87');
insert into ddal_test_2.scores(scorceno,sno,cno,term,grade) values(224,200901020110,112611,'2011-2012第二学期','87');
insert into ddal_test_2.scores(scorceno,sno,cno,term,grade) values(225,200901020110,112620,'2011-2012第二学期','64');
insert into ddal_test_2.scores(scorceno,sno,cno,term,grade) values(226,200901020110,112618,'2011-2012第二学期','87');
insert into ddal_test_2.scores(scorceno,sno,cno,term,grade) values(227,200901020110,112614,'2011-2012第二学期','78');
insert into ddal_test_2.scores(scorceno,sno,cno,term,grade) values(228,200901020110,112613,'2011-2012第二学期','59');
insert into ddal_test_2.scores(scorceno,sno,cno,term,grade) values(229,200901020110,112617,'2011-2012第二学期','80');
insert into ddal_test_2.scores(scorceno,sno,cno,term,grade) values(230,200901020110,112601,'2011-2012第二学期','87');
insert into ddal_test_2.scores(scorceno,sno,cno,term,grade) values(231,200901020110,112615,'2011-2012第二学期','81');
insert into ddal_test_2.scores(scorceno,sno,cno,term,grade) values(232,200901020110,112606,'2011-2012第二学期','82');
insert into ddal_test_3.scores(scorceno,sno,cno,term,grade) values(233,200901020111,112605,'2012-2013第一学期','85');
insert into ddal_test_3.scores(scorceno,sno,cno,term,grade) values(234,200901020111,112608,'2012-2013第一学期','88');
insert into ddal_test_3.scores(scorceno,sno,cno,term,grade) values(235,200901020111,112610,'2012-2013第一学期','94');
insert into ddal_test_3.scores(scorceno,sno,cno,term,grade) values(236,200901020111,112612,'2011-2012第二学期','87');
insert into ddal_test_3.scores(scorceno,sno,cno,term,grade) values(237,200901020111,112611,'2011-2012第二学期','87');
insert into ddal_test_3.scores(scorceno,sno,cno,term,grade) values(238,200901020111,112620,'2011-2012第二学期','64');
insert into ddal_test_3.scores(scorceno,sno,cno,term,grade) values(239,200901020111,112618,'2011-2012第二学期','87');
insert into ddal_test_3.scores(scorceno,sno,cno,term,grade) values(240,200901020111,112614,'2011-2012第二学期','78');
insert into ddal_test_3.scores(scorceno,sno,cno,term,grade) values(241,200901020111,112613,'2011-2012第二学期','59');
insert into ddal_test_3.scores(scorceno,sno,cno,term,grade) values(242,200901020111,112617,'2011-2012第二学期','80');
insert into ddal_test_3.scores(scorceno,sno,cno,term,grade) values(243,200901020111,112601,'2011-2012第二学期','87');
insert into ddal_test_3.scores(scorceno,sno,cno,term,grade) values(245,200901020111,112615,'2011-2012第二学期','81');
insert into ddal_test_3.scores(scorceno,sno,cno,term,grade) values(246,200901020111,112606,'2011-2012第二学期','82');
insert into ddal_test_0.scores(scorceno,sno,cno,term,grade) values(247,200901020112,112605,'2012-2013第一学期','85');
insert into ddal_test_0.scores(scorceno,sno,cno,term,grade) values(248,200901020112,112608,'2012-2013第一学期','88');
insert into ddal_test_0.scores(scorceno,sno,cno,term,grade) values(249,200901020112,112610,'2012-2013第一学期','94');
insert into ddal_test_0.scores(scorceno,sno,cno,term,grade) values(250,200901020112,112612,'2011-2012第二学期','87');
insert into ddal_test_0.scores(scorceno,sno,cno,term,grade) values(251,200901020112,112611,'2011-2012第二学期','87');
insert into ddal_test_0.scores(scorceno,sno,cno,term,grade) values(252,200901020112,112620,'2011-2012第二学期','64');
insert into ddal_test_0.scores(scorceno,sno,cno,term,grade) values(253,200901020112,112618,'2011-2012第二学期','87');
insert into ddal_test_0.scores(scorceno,sno,cno,term,grade) values(254,200901020112,112614,'2011-2012第二学期','78');
insert into ddal_test_0.scores(scorceno,sno,cno,term,grade) values(255,200901020112,112613,'2011-2012第二学期','59');
insert into ddal_test_0.scores(scorceno,sno,cno,term,grade) values(256,200901020112,112617,'2011-2012第二学期','80');
insert into ddal_test_0.scores(scorceno,sno,cno,term,grade) values(257,200901020112,112601,'2011-2012第二学期','87');
insert into ddal_test_0.scores(scorceno,sno,cno,term,grade) values(258,200901020112,112615,'2011-2012第二学期','81');
insert into ddal_test_0.scores(scorceno,sno,cno,term,grade) values(259,200901020112,112606,'2011-2012第二学期','82');
insert into ddal_test_1.scores(scorceno,sno,cno,term,grade) values(260,200901020113,112605,'2012-2013第一学期','85');
insert into ddal_test_1.scores(scorceno,sno,cno,term,grade) values(261,200901020113,112608,'2012-2013第一学期','88');
insert into ddal_test_1.scores(scorceno,sno,cno,term,grade) values(262,200901020113,112610,'2012-2013第一学期','94');
insert into ddal_test_1.scores(scorceno,sno,cno,term,grade) values(263,200901020113,112612,'2011-2012第二学期','87');
insert into ddal_test_1.scores(scorceno,sno,cno,term,grade) values(264,200901020113,112611,'2011-2012第二学期','87');
insert into ddal_test_1.scores(scorceno,sno,cno,term,grade) values(265,200901020113,112620,'2011-2012第二学期','64');
insert into ddal_test_1.scores(scorceno,sno,cno,term,grade) values(266,200901020113,112618,'2011-2012第二学期','87');
insert into ddal_test_1.scores(scorceno,sno,cno,term,grade) values(267,200901020113,112614,'2011-2012第二学期','78');
insert into ddal_test_1.scores(scorceno,sno,cno,term,grade) values(268,200901020113,112613,'2011-2012第二学期','59');
insert into ddal_test_1.scores(scorceno,sno,cno,term,grade) values(269,200901020113,112617,'2011-2012第二学期','80');
insert into ddal_test_1.scores(scorceno,sno,cno,term,grade) values(270,200901020113,112601,'2011-2012第二学期','87');
insert into ddal_test_1.scores(scorceno,sno,cno,term,grade) values(271,200901020113,112615,'2011-2012第二学期','81');
insert into ddal_test_1.scores(scorceno,sno,cno,term,grade) values(272,200901020113,112606,'2011-2012第二学期','82');
insert into ddal_test_2.scores(scorceno,sno,cno,term,grade) values(273,200901020114,112605,'2012-2013第一学期','85');
insert into ddal_test_2.scores(scorceno,sno,cno,term,grade) values(274,200901020114,112608,'2012-2013第一学期','88');
insert into ddal_test_2.scores(scorceno,sno,cno,term,grade) values(275,200901020114,112610,'2012-2013第一学期','94');
insert into ddal_test_2.scores(scorceno,sno,cno,term,grade) values(276,200901020114,112612,'2011-2012第二学期','87');
insert into ddal_test_2.scores(scorceno,sno,cno,term,grade) values(277,200901020114,112611,'2011-2012第二学期','87');
insert into ddal_test_2.scores(scorceno,sno,cno,term,grade) values(278,200901020114,112620,'2011-2012第二学期','64');
insert into ddal_test_2.scores(scorceno,sno,cno,term,grade) values(279,200901020114,112618,'2011-2012第二学期','87');
insert into ddal_test_2.scores(scorceno,sno,cno,term,grade) values(280,200901020114,112614,'2011-2012第二学期','78');
insert into ddal_test_2.scores(scorceno,sno,cno,term,grade) values(281,200901020114,112613,'2011-2012第二学期','59');
insert into ddal_test_2.scores(scorceno,sno,cno,term,grade) values(282,200901020114,112617,'2011-2012第二学期','80');
insert into ddal_test_2.scores(scorceno,sno,cno,term,grade) values(283,200901020114,112601,'2011-2012第二学期','87');
insert into ddal_test_2.scores(scorceno,sno,cno,term,grade) values(284,200901020114,112615,'2011-2012第二学期','81');
insert into ddal_test_2.scores(scorceno,sno,cno,term,grade) values(285,200901020114,112606,'2011-2012第二学期','82');
insert into ddal_test_3.scores(scorceno,sno,cno,term,grade) values(286,200901020115,112605,'2012-2013第一学期','85');
insert into ddal_test_3.scores(scorceno,sno,cno,term,grade) values(287,200901020115,112608,'2012-2013第一学期','88');
insert into ddal_test_3.scores(scorceno,sno,cno,term,grade) values(288,200901020115,112610,'2012-2013第一学期','94');
insert into ddal_test_3.scores(scorceno,sno,cno,term,grade) values(289,200901020115,112612,'2011-2012第二学期','87');
insert into ddal_test_3.scores(scorceno,sno,cno,term,grade) values(290,200901020115,112611,'2011-2012第二学期','87');
insert into ddal_test_3.scores(scorceno,sno,cno,term,grade) values(291,200901020115,112620,'2011-2012第二学期','64');
insert into ddal_test_3.scores(scorceno,sno,cno,term,grade) values(292,200901020115,112618,'2011-2012第二学期','87');
insert into ddal_test_3.scores(scorceno,sno,cno,term,grade) values(293,200901020115,112614,'2011-2012第二学期','78');
insert into ddal_test_3.scores(scorceno,sno,cno,term,grade) values(294,200901020115,112613,'2011-2012第二学期','59');
insert into ddal_test_3.scores(scorceno,sno,cno,term,grade) values(295,200901020115,112617,'2011-2012第二学期','80');
insert into ddal_test_3.scores(scorceno,sno,cno,term,grade) values(296,200901020115,112601,'2011-2012第二学期','87');
insert into ddal_test_3.scores(scorceno,sno,cno,term,grade) values(297,200901020115,112615,'2011-2012第二学期','81');
insert into ddal_test_3.scores(scorceno,sno,cno,term,grade) values(298,200901020115,112606,'2011-2012第二学期','82');
insert into ddal_test_0.scores(scorceno,sno,cno,term,grade) values(312,200901020116,112605,'2012-2013第一学期','85');
insert into ddal_test_0.scores(scorceno,sno,cno,term,grade) values(313,200901020116,112608,'2012-2013第一学期','88');
insert into ddal_test_0.scores(scorceno,sno,cno,term,grade) values(314,200901020116,112610,'2012-2013第一学期','94');
insert into ddal_test_0.scores(scorceno,sno,cno,term,grade) values(315,200901020116,112612,'2011-2012第二学期','87');
insert into ddal_test_0.scores(scorceno,sno,cno,term,grade) values(316,200901020116,112611,'2011-2012第二学期','87');
insert into ddal_test_0.scores(scorceno,sno,cno,term,grade) values(317,200901020116,112620,'2011-2012第二学期','64');
insert into ddal_test_0.scores(scorceno,sno,cno,term,grade) values(318,200901020116,112618,'2011-2012第二学期','87');
insert into ddal_test_0.scores(scorceno,sno,cno,term,grade) values(319,200901020116,112614,'2011-2012第二学期','78');
insert into ddal_test_0.scores(scorceno,sno,cno,term,grade) values(320,200901020116,112613,'2011-2012第二学期','59');
insert into ddal_test_0.scores(scorceno,sno,cno,term,grade) values(321,200901020116,112617,'2011-2012第二学期','80');
insert into ddal_test_0.scores(scorceno,sno,cno,term,grade) values(322,200901020116,112601,'2011-2012第二学期','87');
insert into ddal_test_0.scores(scorceno,sno,cno,term,grade) values(323,200901020116,112615,'2011-2012第二学期','81');
insert into ddal_test_0.scores(scorceno,sno,cno,term,grade) values(324,200901020116,112606,'2011-2012第二学期','82');
insert into ddal_test_1.scores(scorceno,sno,cno,term,grade) values(325,200901020117,112605,'2012-2013第一学期','85');
insert into ddal_test_1.scores(scorceno,sno,cno,term,grade) values(326,200901020117,112608,'2012-2013第一学期','88');
insert into ddal_test_1.scores(scorceno,sno,cno,term,grade) values(327,200901020117,112610,'2012-2013第一学期','94');
insert into ddal_test_1.scores(scorceno,sno,cno,term,grade) values(328,200901020117,112612,'2011-2012第二学期','87');
insert into ddal_test_1.scores(scorceno,sno,cno,term,grade) values(329,200901020117,112611,'2011-2012第二学期','87');
insert into ddal_test_1.scores(scorceno,sno,cno,term,grade) values(330,200901020117,112620,'2011-2012第二学期','64');
insert into ddal_test_1.scores(scorceno,sno,cno,term,grade) values(331,200901020117,112618,'2011-2012第二学期','87');
insert into ddal_test_1.scores(scorceno,sno,cno,term,grade) values(332,200901020117,112614,'2011-2012第二学期','78');
insert into ddal_test_1.scores(scorceno,sno,cno,term,grade) values(333,200901020117,112613,'2011-2012第二学期','59');
insert into ddal_test_1.scores(scorceno,sno,cno,term,grade) values(334,200901020117,112617,'2011-2012第二学期','80');
insert into ddal_test_1.scores(scorceno,sno,cno,term,grade) values(335,200901020117,112601,'2011-2012第二学期','87');
insert into ddal_test_1.scores(scorceno,sno,cno,term,grade) values(336,200901020117,112615,'2011-2012第二学期','81');
insert into ddal_test_1.scores(scorceno,sno,cno,term,grade) values(337,200901020117,112606,'2011-2012第二学期','82');
insert into ddal_test_2.scores(scorceno,sno,cno,term,grade) values(338,200901020118,112605,'2012-2013第一学期','85');
insert into ddal_test_2.scores(scorceno,sno,cno,term,grade) values(339,200901020118,112608,'2012-2013第一学期','88');
insert into ddal_test_2.scores(scorceno,sno,cno,term,grade) values(340,200901020118,112610,'2012-2013第一学期','94');
insert into ddal_test_2.scores(scorceno,sno,cno,term,grade) values(341,200901020118,112612,'2011-2012第二学期','87');
insert into ddal_test_2.scores(scorceno,sno,cno,term,grade) values(342,200901020118,112611,'2011-2012第二学期','87');
insert into ddal_test_2.scores(scorceno,sno,cno,term,grade) values(343,200901020118,112620,'2011-2012第二学期','64');
insert into ddal_test_2.scores(scorceno,sno,cno,term,grade) values(344,200901020118,112618,'2011-2012第二学期','87');
insert into ddal_test_2.scores(scorceno,sno,cno,term,grade) values(345,200901020118,112614,'2011-2012第二学期','78');
insert into ddal_test_2.scores(scorceno,sno,cno,term,grade) values(346,200901020118,112613,'2011-2012第二学期','59');
insert into ddal_test_2.scores(scorceno,sno,cno,term,grade) values(347,200901020118,112617,'2011-2012第二学期','80');
insert into ddal_test_2.scores(scorceno,sno,cno,term,grade) values(348,200901020118,112601,'2011-2012第二学期','87');
insert into ddal_test_2.scores(scorceno,sno,cno,term,grade) values(349,200901020118,112615,'2011-2012第二学期','81');
insert into ddal_test_2.scores(scorceno,sno,cno,term,grade) values(350,200901020118,112606,'2011-2012第二学期','82');
insert into ddal_test_3.scores(scorceno,sno,cno,term,grade) values(351,200901020119,112605,'2012-2013第一学期','85');
insert into ddal_test_3.scores(scorceno,sno,cno,term,grade) values(352,200901020119,112608,'2012-2013第一学期','88');
insert into ddal_test_3.scores(scorceno,sno,cno,term,grade) values(353,200901020119,112610,'2012-2013第一学期','94');
insert into ddal_test_3.scores(scorceno,sno,cno,term,grade) values(354,200901020119,112612,'2011-2012第二学期','87');
insert into ddal_test_3.scores(scorceno,sno,cno,term,grade) values(355,200901020119,112611,'2011-2012第二学期','87');
insert into ddal_test_3.scores(scorceno,sno,cno,term,grade) values(356,200901020119,112620,'2011-2012第二学期','64');
insert into ddal_test_3.scores(scorceno,sno,cno,term,grade) values(357,200901020119,112618,'2011-2012第二学期','87');
insert into ddal_test_3.scores(scorceno,sno,cno,term,grade) values(358,200901020119,112614,'2011-2012第二学期','78');
insert into ddal_test_3.scores(scorceno,sno,cno,term,grade) values(359,200901020119,112613,'2011-2012第二学期','59');
insert into ddal_test_3.scores(scorceno,sno,cno,term,grade) values(360,200901020119,112617,'2011-2012第二学期','80');
insert into ddal_test_3.scores(scorceno,sno,cno,term,grade) values(361,200901020119,112601,'2011-2012第二学期','87');
insert into ddal_test_3.scores(scorceno,sno,cno,term,grade) values(362,200901020119,112615,'2011-2012第二学期','81');
insert into ddal_test_3.scores(scorceno,sno,cno,term,grade) values(363,200901020119,112606,'2011-2012第二学期','82');
insert into ddal_test_0.scores(scorceno,sno,cno,term,grade) values(364,200901020120,112605,'2012-2013第一学期','85');
insert into ddal_test_0.scores(scorceno,sno,cno,term,grade) values(365,200901020120,112608,'2012-2013第一学期','88');
insert into ddal_test_0.scores(scorceno,sno,cno,term,grade) values(366,200901020120,112610,'2012-2013第一学期','94');
insert into ddal_test_0.scores(scorceno,sno,cno,term,grade) values(367,200901020120,112612,'2011-2012第二学期','87');
insert into ddal_test_0.scores(scorceno,sno,cno,term,grade) values(368,200901020120,112611,'2011-2012第二学期','87');
insert into ddal_test_1.scores(scorceno,sno,cno,term,grade) values(369,200901020121,112620,'2011-2012第二学期','64');
insert into ddal_test_1.scores(scorceno,sno,cno,term,grade) values(379,200901020121,112618,'2011-2012第二学期','87');
insert into ddal_test_1.scores(scorceno,sno,cno,term,grade) values(380,200901020121,112614,'2011-2012第二学期','78');
insert into ddal_test_1.scores(scorceno,sno,cno,term,grade) values(381,200901020121,112613,'2011-2012第二学期','59');
insert into ddal_test_1.scores(scorceno,sno,cno,term,grade) values(382,200901020121,112617,'2011-2012第二学期','80');
insert into ddal_test_1.scores(scorceno,sno,cno,term,grade) values(383,200901020121,112601,'2011-2012第二学期','87');
insert into ddal_test_1.scores(scorceno,sno,cno,term,grade) values(384,200901020121,112615,'2011-2012第二学期','81');
insert into ddal_test_1.scores(scorceno,sno,cno,term,grade) values(385,200901020121,112606,'2011-2012第二学期','82');

delete from ddal_test_0.student;
delete from ddal_test_1.student;
delete from ddal_test_2.student;
delete from ddal_test_3.student;
insert into ddal_test_1.student values(200901020101,'张三','男','网络工程','18052049122','1990-04-19');
insert into ddal_test_0.student values(200901020104,'琴沁','男','网络工程','18052029122','1989-08-12');
insert into ddal_test_1.student values(200901020105,'王丽','女','网络工程','13052049122','1992-12-09');
insert into ddal_test_0.student values(200901020108,'陈美','男','网络工程','15052049122','1990-12-23');
insert into ddal_test_1.student values(200901020109,'陈萧晓','男','网络工程','15052049122','1991-04-28');
insert into ddal_test_0.student values(200901020112,'张朋','男','网络工程','15052049122','1990-04-09');
insert into ddal_test_1.student values(200901020113,'张豆焕','男','网络工程','15052049122','1990-04-09');
insert into ddal_test_0.student values(200901020116,'吴军卓','男','网络工程','15052049122','1990-04-09');
insert into ddal_test_1.student values(200901020117,'初夏','女','网络工程','15052049122','1990-04-09');
insert into ddal_test_0.student values(200901020120,'夏落兴','男','网络工程','15052049122','1990-04-09');
insert into ddal_test_1.student values(200901020121,'李恩妙','女','网络工程','15052049122','1990-04-09');
insert into ddal_test_0.student values(200901020124,'宛儿','女','网络工程','15052049122','1989-04-09');
insert into ddal_test_1.student values(200901020125,'孤岚','女','网络工程','15052049122','1989-06-09');
insert into ddal_test_0.student values(200901020128,'惜文','男','网络工程','15052049122','1990-12-09');
insert into ddal_test_1.student values(200901020129,'秋荷','男','网络工程','15052049122','1990-11-21');
insert into ddal_test_0.student values(200901020132,'简邦余','男','网络工程','15052049122','1990-04-24');
insert into ddal_test_1.student values(200901020133,'依珊','女','网络工程','15052049122','1990-04-27');
insert into ddal_test_0.student values(200901020136,'谷山','男','网络工程','15052049122','1990-11-09');
insert into ddal_test_1.student values(200901020137,'千萍','男','网络工程','15052049122','1990-12-09');
insert into ddal_test_0.student values(200901020140,'王封安','男','网络工程','15052049122','1990-04-09');
insert into ddal_test_1.student values(200901020141,'吕映冉','女','网络工程','15052049122','1990-04-09');
insert into ddal_test_0.student values(200901020144,'林文冲','男','网络工程','15052049122','1991-04-09');
insert into ddal_test_1.student values(200901020145,'刘中舟','男','网络工程','15052049122','1990-04-09');
insert into ddal_test_0.student values(200901020148,'任康焕','男','网络工程','15052049122','1990-04-09');
insert into ddal_test_1.student values(200901020149,'余梦茂','女','网络工程','15052049122','1990-04-09');
insert into ddal_test_0.student values(200901020152,'凡柔','女','网络工程','15052049122','1988-04-09');
insert into ddal_test_1.student values(200901020153,'吴资龙','男','网络工程','15052049122','1990-04-09');
insert into ddal_test_2.student values(200901020102,'李四','男','网络工程','18002019122','1988-04-09');
insert into ddal_test_3.student values(200901020103,'吴鹏','男','网络工程','18042049122','1990-05-07');
insert into ddal_test_2.student values(200901020106,'刘玉','男','网络工程','15052049122','1990-10-24');
insert into ddal_test_3.student values(200901020107,'萧蓉','女','网络工程','15052049122','1990-08-09');
insert into ddal_test_2.student values(200901020110,'王丽丽','女','网络工程','15052049122','1989-02-09');
insert into ddal_test_3.student values(200901020111,'邓学键','男','网络工程','15052049122','1990-04-09');
insert into ddal_test_2.student values(200901020114,'张广房','男','网络工程','15052049122','1990-04-09');
insert into ddal_test_3.student values(200901020115,'慕青','男','网络工程','15052049122','1990-04-09');
insert into ddal_test_2.student values(200901020118,'魏争博','男','网络工程','15052049122','1989-06-09');
insert into ddal_test_3.student values(200901020119,'侯若灵','女','网络工程','15052049122','1990-04-09');
insert into ddal_test_2.student values(200901020122,'凡蕾','女','网络工程','15052049122','1990-04-09');
insert into ddal_test_3.student values(200901020123,'邓矾','男','网络工程','15052049122','1990-04-09');
insert into ddal_test_2.student values(200901020126,'冷安','男','网络工程','15052049122','1989-04-09');
insert into ddal_test_3.student values(200901020127,'元柏','男','网络工程','15052049122','1990-01-09');
insert into ddal_test_2.student values(200901020130,'甘风力','男','网络工程','15052049122','1991-04-09');
insert into ddal_test_3.student values(200901020131,'凝天','女','网络工程','15052049122','1990-04-09');
insert into ddal_test_2.student values(200901020134,'杨舟察','男','网络工程','15052049122','1990-04-13');
insert into ddal_test_3.student values(200901020135,'冬儿','女','网络工程','15052049122','1990-04-17');
insert into ddal_test_2.student values(200901020138,'平安','男','网络工程','15052049122','1990-09-09');
insert into ddal_test_3.student values(200901020139,'李白','男','网络工程','15052049122','1990-02-09');
insert into ddal_test_2.student values(200901020142,'张枫震','男','网络工程','15052049122','1989-04-09');
insert into ddal_test_3.student values(200901020143,'丁倍卫','男','网络工程','15052049122','1990-04-09');
insert into ddal_test_2.student values(200901020146,'雨寒','女','网络工程','13952049122','1990-04-09');
insert into ddal_test_3.student values(200901020147,'夏思徽','女','网络工程','15052049122','1993-04-09');
insert into ddal_test_2.student values(200901020150,'靖雁','男','网络工程','15052049122','1990-04-09');
insert into ddal_test_3.student values(200901020151,'映易','男','网络工程','15052049122','1989-04-09');
insert into ddal_test_2.student values(200901020154,'陶旭笙','男','网络工程','15052049122','1990-04-09');
insert into ddal_test_3.student values(200901020155,'郭俊立','男','网络工程','15052049122','1990-04-09');

delete from ddal_test_0.teacher;
delete from ddal_test_1.teacher;
delete from ddal_test_2.teacher;
delete from ddal_test_3.teacher;

-- 读库1中，编号为2012112601的老师的电话是110
insert into ddal_test_1.teacher(tno,tname,sex,age,tphone) values(2012112601,'张旭','男','35','110');
insert into ddal_test_1.teacher(tno,tname,sex,age,tphone) values(2012112605,'高洪泉','男','40','1310000002');
insert into ddal_test_1.teacher(tno,tname,sex,age,tphone) values(2012112609,'刘爽','女','30','18052028179');
insert into ddal_test_1.teacher(tno,tname,sex,age,tphone) values(2012112613,'刘冰','女','35','18052028179');
insert into ddal_test_1.teacher(tno,tname,sex,age,tphone) values(2012112615,'陈仓翼','女','30','1310000003');
insert into ddal_test_0.teacher(tno,tname,sex,age,tphone) values(2012112604,'王萍','女','30','18052028579');
insert into ddal_test_0.teacher(tno,tname,sex,age,tphone) values(2012112608,'李一成','男','35','18052028279');
insert into ddal_test_0.teacher(tno,tname,sex,age,tphone) values(2012112612,'李成','男','40','18052028200');
insert into ddal_test_0.teacher(tno,tname,sex,age,tphone) values(2012112616,'赵单羽','女','30','1310000003');
insert into ddal_test_2.teacher(tno,tname,sex,age,tphone) values(2012112602,'李成一','男','35','18052028279');
insert into ddal_test_2.teacher(tno,tname,sex,age,tphone) values(2012112606,'王萍','女','30','18052028579');
insert into ddal_test_2.teacher(tno,tname,sex,age,tphone) values(2012112610,'冯州龙','男','40','1310000004');
insert into ddal_test_2.teacher(tno,tname,sex,age,tphone) values(2012112614,'王萍萍','女','35','18052028579');
insert into ddal_test_3.teacher(tno,tname,sex,age,tphone) values(2012112603,'刘冰冰','女','30','18052028179');
insert into ddal_test_3.teacher(tno,tname,sex,age,tphone) values(2012112607,'张旭','男','40','18052028779');
insert into ddal_test_3.teacher(tno,tname,sex,age,tphone) values(2012112611,'教师四','女','35','1310000001');

delete from ddal_test_0.`sign_records_0`;
delete from ddal_test_0.`sign_records_1`;
INSERT INTO ddal_test_0.`sign_records_0` (`sign_id`, `sno`, `position`, `sign_time`) VALUES (1, 200901020112, 100, '2017-05-27 14:54:00'), (2, 200901020112, 101, '2017-05-27 14:55:00'), (3, 200901020112, 100, '2017-05-27 14:56:00'), (4, 200901020112, 101, '2017-05-27 14:59:00'), (5, 200901020112, 100, '2017-05-27 13:59:00'), (6, 200901020112, 102, '2017-05-26 13:59:00'), (7, 200901020112, 100, '2017-05-26 12:59:00');
INSERT INTO ddal_test_0.`sign_records_1` (`sign_id`, `sno`, `position`, `sign_time`) VALUES (1, 200901020133, 101, '2017-05-26 12:59:00'), (2, 200901020133, 101, '2017-05-27 11:59:00'), (3, 200901020133, 100, '2017-05-27 15:59:00');

DELETE  from ddal_test_0.sign_position_spec;
INSERT INTO ddal_test_0.`sign_position_spec` (`position_id`, `position_name`) VALUES (100, '紫金智梦园'), (101, '南京艺术学院'), (102, '南京邮电大学');

DELETE  from ddal_test_0.multi_shard_table;
DELETE  from ddal_test_1.multi_shard_table;
DELETE  from ddal_test_2.multi_shard_table;
DELETE  from ddal_test_3.multi_shard_table;
--0,0
INSERT INTO ddal_test_0.`multi_shard_table` (`primary_key`, `second_key`, `desc`) VALUES (100, 1000, '紫金智梦园'), (200, 2000, '南京艺术学院');
--0,1
INSERT INTO ddal_test_1.`multi_shard_table` (`primary_key`, `second_key`, `desc`) VALUES (100, 1001, '南京艺术学院'), (200, 2001, '南京邮电大学');
--1,0
INSERT INTO ddal_test_2.`multi_shard_table` (`primary_key`, `second_key`, `desc`) VALUES (101, 1000, '南京审计学院'), (201, 2000, '南京工业大学');
--1,1
INSERT INTO ddal_test_3.`multi_shard_table` (`primary_key`, `second_key`, `desc`) VALUES (101, 1001, '东南大学'), (201, 2001, '河海大学');




